"phrase", "occurances"
and, 42
acid, 21
with, 17
in, 16
a, 14
compounds, 13
occupational, 13
methyl, 13
radiation, 12
of, 12
chloride, 12
infection, 11
human, 11
ether, 9
ultraviolet, 9
exposure, 9
red, 9
oxide, 8
plus, 8
blue, 8
sulfate, 8
virus, 8
manufacture, 7
ci, 7
cobalt, 7
products, 7
oils, 7
papillomavirus, 7
fibres, 6
other, 6
glass, 6
acetate, 6
bitumens, 6
yellow, 6
type, 6
types, 6
vinyl, 6
inorganic, 5
orange, 5
production, 5
tobacco, 5
emissions, 5
from, 5
fuel, 5
chromium, 5
salts, 5
exposures, 5
fields, 5
ethyl, 5
as, 5
or, 5
iron, 5
mustard, 5
hydrochloride, 5
decay, 5
its, 5
sudan, 5
3, 4
5, 4
acrylate, 4
copolymers, 4
arsenic, 4
to, 4
during, 4
their, 4
polyomavirus, 4
carbon, 4
dust, 4
c, 4
no, 4
diesel, 4
ethylene, 4
including, 4
fumonisin, 4
hc, 4
sodium, 4
polyvinyl, 4
vinylidene, 4
alcoholic, 3
beverages, 3
d, 3
b1, 3
allyl, 3
containing, 3
that, 3
peroxide, 3
benzyl, 3
beryllium, 3
diglycidyl, 3
bleomycin, 3
cadmium, 3
carbide, 3
iii, 3
cisplatin, 3
coal, 3
oil, 3
silica, 3
light, 3
engine, 3
exhaust, 3
combined, 3
carbamate, 3
green, 3
derived, 3
fusarium, 3
toxins, 3
glycidyl, 3
b, 3
hepatitis, 3
wool, 3
alcohol, 3
isopropyl, 3
lead, 3
leather, 3
nickel, 3
polychlorinated, 3
ponceau, 3
schistosoma, 3
selenium, 3
toluene, 3
chloride-vinyl, 3
1, 2
2, 2
4, 2
6, 2
8, 2
9, 2
diisocyanate, 2
4-chloro-meta-phenylenediamine, 2
4-vinylcyclohexene, 2
5-methylangelicin, 2
8-hydroxyquinoline, 2
acetaldehyde, 2
strong, 2
acrylic, 2
aflatoxin, 2
anthranilate, 2
antimony, 2
aristolochic, 2
arsenobetaine, 2
metabolized, 2
not, 2
organic, 2
asbestos, 2
auramine, 2
benzidine, 2
benzoyl, 2
betel, 2
quid, 2
without, 2
combustion, 2
household, 2
indoor, 2
wood, 2
sulfide, 2
work, 2
chloral, 2
hydrate, 2
chlorinated, 2
drinking-water, 2
average, 2
vi, 2
metallic, 2
coal-tar, 2
metal, 2
tungsten, 2
diethanolamine, 2
crystalline, 2
cyclophosphamide, 2
distillate, 2
resorcinol, 2
dimethyl, 2
hydrogen, 2
disperse, 2
electric, 2
extremely, 2
low-frequency, 2
static, 2
gasoline, 2
erionite, 2
therapy, 2
estrogen-progestogen, 2
contraceptives, 2
ethanol, 2
methanesulfonate, 2
selenac, 2
combination, 2
etoposide, 2
fcf, 2
b2, 2
fusarenone, 2
x, 2
fusarin, 2
f, 2
nivalenol, 2
t-2, 2
toxin, 2
use, 2
chronic, 2
immunodeficiency, 2
genus, 2
i, 2
lymphotropic, 2
t-cell, 2
ii, 2
complex, 2
tanning, 2
magenta, 2
magnetic, 2
mate, 2
mercury, 2
methoxsalen, 2
bromide, 2
ketone, 2
methacrylate, 2
parathion, 2
mineral, 2
musk, 2
nitrogen, 2
opisthorchis, 2
fibre, 2
micrometres, 2
palygorskite, 2
petroleum, 2
phenacetin, 2
biphenyls, 2
than, 2
potassium, 2
printing, 2
deposited, 2
internally, 2
radionuclides, 2
radium-224, 2
radium-226, 2
radium-228, 2
radon-222, 2
rhodamine, 2
industry, 2
shale, 2
styrene, 2
dioxide, 2
sulfur, 2
talc, 2
thorium-232, 2
copolymer, 2
fluoride, 2
11, 1
15, 1
16, 1
18, 1
20, 1
26, 1
30, 1
31, 1
33, 1
34, 1
35, 1
39, 1
52, 1
53, 1
56, 1
58, 1
59, 1
60, 1
66, 1
67, 1
68, 1
69, 1
70, 1
73, 1
82, 1
85, 1
97, 1
114, 1
475, 1
4551, 1
1-amino-2-methylanthraquinone, 1
1-amino-24-dibromoanthraquinone, 1
1-chloro-2-methylpropene, 1
1-chloro-3-nitrobenzene, 1
1-hydroxyanthraquinone, 1
1-methylchrysene, 1
1-methylphenanthrene, 1
1-naphthylamine, 1
1-nitronaphthalene, 1
1-nitropyrene, 1
1-tert-butoxy-2-propanol, 1
11-dimethylhydrazine, 1
111-trichloroethane, 1
1112-tetrachloroethane, 1
112-trichloroethane, 1
1122-tetrachloroethane, 1
12-bischloromethoxyethane, 1
12-diamino-4-nitrobenzene, 1
12-dibromo-3-chloropropane, 1
12-dichlorobenzene, 1
12-dichloroethane, 1
12-dichloropropane, 1
12-diethylhydrazine, 1
12-dimethylhydrazine, 1
12-epoxybutane, 1
12-propylene, 1
123-trichloropropane, 1
123-trischloromethoxypropane, 1
13-butadiene, 1
13-dichloro-2-propanol, 1
13-dichlorobenzene, 1
13-dichloropropene, 1
13-dinitropyrene, 1
13-propane, 1
sultone, 1
14-bischloromethoxymethylbenzene, 1
14-diamino-2-nitrobenzene, 1
14-dichlorobenzene, 1
14-dimethylphenanthrene, 1
14-dioxane, 1
15-naphthalene, 1
15-naphthalenediamine, 1
16-dinitropyrene, 1
18-dinitropyrene, 1
11-aminoundecanoic, 1
11h-benzbcaceanthrylene, 1
13h-dibenzoagfluorene, 1
2-1-aziridinylethanol, 1
2-amino-4-nitrophenol, 1
2-amino-5-5-nitro-2-furyl-134-thiadiazole, 1
2-amino-5-nitrophenol, 1
2-amino-5-nitrothiazole, 1
2-aminoanthraquinone, 1
2-butoxyethanol, 1
2-chloro-111-trifluoroethane, 1
2-chloronitrobenzene, 1
2-ethylhexyl, 1
2-hydroxybiphenyl, 1
2-methyl-1-nitroanthraquinone, 1
2-methylaziridine, 1
2-methylchrysene, 1
2-methylfluoranthene, 1
2-methylimidazole, 1
2-naphthylamine, 1
2-nitroanisole, 1
2-nitrofluorene, 1
2-nitronaphthalene, 1
2-nitropropane, 1
2-nitropyrene, 1
2-nitrotoluene, 1
22-bisbromomethylpropane-13-diol, 1
2255-tetrachlorobenzidine, 1
23-dibromo-1-propanol, 1
23478-pentachlorodibenzofuran, 1
2378-tetrachlorodibenzodioxin, 1
24-diaminoanisole, 1
24-diaminotoluene, 1
24-dinitrotoluene, 1
24-hexadienal, 1
24-xylidine, 1
245-trimethylaniline, 1
246-trimethylaniline, 1
246-trinitrotoluene, 1
24-diphenyldiamine, 1
25-diaminotoluene, 1
25-xylidine, 1
26-dichloro-para-phenylenediamine, 1
26-dimethylaniline, 1
26-dinitrotoluene, 1
3-n-nitrosomethylaminopropionaldehyde, 1
3-n-nitrosomethylaminopropionitrile, 1
3-carbethoxypsoralen, 1
3-chloro-2-methylpropene, 1
3-chloro-4-dichloromethyl-5-hydroxy-25h-furanone, 1
3-methylchrysene, 1
3-methylfluoranthene, 1
3-monochloro-12-propanediol, 1
3-nitrobenzanthrone, 1
3-nitrofluoranthene, 1
3-nitroperylene, 1
3-nitrotoluene, 1
33-dichloro-44-diaminodiphenyl, 1
33-dichlorobenzidine, 1
33-dimethoxybenzidine, 1
33-dimethoxybenzidine-44-diisocyanate, 1
33-dimethylbenzidine, 1
33445-pentachlorobiphenyl, 1
34-epoxy-6-methylcyclohexylmethyl-34-epoxy-6-, 1
methylcyclo-hexanecarboxylate, 1
35-dinitrotoluene, 1
37-dinitrofluoranthene, 1
39-dinitrofluoranthene, 1
4-n-nitrosomethylamino-1-3-pyridyl-1-butanone, 1
4-amino-2-nitrophenol, 1
4-aminobenzoate, 1
4-aminobiphenyl, 1
4-chloro-ortho-phenylenediamine, 1
4-chloro-ortho-toluidine, 1
4-chloroaniline, 1
4-chloronitrobenzene, 1
4-hydroxyazobenzene, 1
4-methylchrysene, 1
4-methylimidazole, 1
4-nitrobiphenyl, 1
4-nitropyrene, 1
4-nitrotoluene, 1
diepoxide, 1
44-diaminodiphenyl, 1
44-dimethylangelicin, 1
44-methylene, 1
bis2-methylaniline, 1
44-methylene-bis-2-chloroaniline, 1
44-methylenebisnn-dimethylaniline, 1
44-methylenedianiline, 1
44-methylenediphenyl, 1
44-thiodianiline, 1
446-trimethylangelicin, 1
45-dimethylangelicin, 1
458-trimethylpsoralen, 1
4h-cyclopentadefchrysene, 1
5-aminoacenaphthene, 1
5-azacytidine, 1
5-chloro-ortho-toluidine, 1
5-fluorouracil, 1
5-methoxypsoralen, 1
5-methylchrysene, 1
5-nitro-o-toluidine, 1
5-nitro-ortho-anisidine, 1
5-nitroacenaphthene, 1
56-cyclopenteno-12-benzanthracene, 1
6-mercaptopurine, 1
6-methylchrysene, 1
6-nitrobenzoapyrene, 1
6-nitrochrysene, 1
7-methylpyrido34-cpsoralen, 1
7-nitrobenzaanthracene, 1
7h-dibenzocgcarbazole, 1
9-nitroanthracene, 1
a-alpha-c, 1
acenaphthene, 1
acepyrene, 1
associated, 1
consumption, 1
acetamide, 1
mists, 1
acridine, 1
acriflavinium, 1
acrolein, 1
acrylamide, 1
acrylonitrile, 1
acrylonitrile-butadiene-styrene, 1
actinomycin, 1
acyclovir, 1
adriamycin, 1
af-2, 1
m1, 1
aflatoxins, 1
agaritine, 1
aldicarb, 1
aldrin, 1
isothiocyanate, 1
isovalerate, 1
alpha-chlorinated, 1
toluenes, 1
alpha-methylstyrene, 1
alpha-naphthylthiourea, 1
aluminium, 1
amaranth, 1
amitrole, 1
ampicillin, 1
amsacrine, 1
anaesthetics, 1
volatile, 1
androgenic, 1
steroids, 1
angelicin, 1
aniline, 1
anthanthrene, 1
anthracene, 1
anthraquinone, 1
trioxide, 1
trisulfide, 1
apholate, 1
aramite, 1
areca, 1
nut, 1
plants, 1
are, 1
humans, 1
art, 1
containers, 1
pressed, 1
ware, 1
atrazine, 1
aurothioglucose, 1
azaserine, 1
azathioprine, 1
aziridine, 1
aziridyl, 1
benzoquinone, 1
azobenzene, 1
benzaacridine, 1
benzaanthracene, 1
benzcacridine, 1
benzjaceanthrylene, 1
benzlaceanthrylene, 1
benzal, 1
benzene, 1
dyes, 1
benzoafluoranthene, 1
benzoafluorene, 1
benzoapyrene, 1
benzobchrysene, 1
benzobfluoranthene, 1
benzobfluorene, 1
benzobnaphtho21-dthiophene, 1
benzocfluorene, 1
benzocphenanthrene, 1
benzoepyrene, 1
benzogchrysene, 1
benzoghifluoranthene, 1
benzoghiperylene, 1
benzojfluoranthene, 1
benzokfluoranthene, 1
benzofuran, 1
benzophenone, 1
benzotrichloride, 1
4b, 1
violet, 1
beta-butyrolactone, 1
biomass, 1
primarily, 1
bis1-aziridinylmorpholinophosphine, 1
bis2-chloro-1-methylethylether, 1
bis2-chloroethylether, 1
bis2-ethylhexylphthalate, 1
bis23-epoxycyclopentylether, 1
bischloromethyl, 1
bisphenol, 1
bisulfites, 1
asphalt, 1
hard, 1
mastic, 1
oxidized, 1
roofing, 1
paving, 1
road, 1
straight-run, 1
bk, 1
bkv, 1
bracken, 1
fern, 1
brilliant, 1
bromochloroacetic, 1
bromochloroacetonitrile, 1
bromodichloromethane, 1
bromoethane, 1
bromoform, 1
busulfan, 1
butyl, 1
butylated, 1
hydroxyanisole, 1
butylbenzyl, 1
phthalate, 1
butylhydroxytoluene, 1
c06593, 1
epsilon-caprolactam, 1
caffeate, 1
caffeine, 1
calcium, 1
cantharidin, 1
captafol, 1
captan, 1
carbaryl, 1
carbazole, 1
black, 1
electrode, 1
tetrachloride, 1
carmoisine, 1
carmustine, 1
carpentry, 1
joinery, 1
carrageenan, 1
native, 1
catechol, 1
chlorambucil, 1
chloramine, 1
chloramphenicol, 1
chlordane, 1
chlordecone, 1
chlordimeform, 1
chlorendic, 1
approximately, 1
c12, 1
chain, 1
chlorination, 1
degree, 1
length, 1
paraffins, 1
chlornaphazine, 1
chloroacetonitrile, 1
chlorobenzilate, 1
chlorodibromomethane, 1
chlorodifluoromethane, 1
chloroethane, 1
chlorofluoromethane, 1
chloroform, 1
chloromethyl, 1
chloronitrobenzenes, 1
chlorophenoxy, 1
herbicides, 1
chloroprene, 1
chloroquine, 1
chlorothalonil, 1
chlorozotocin, 1
chlorpropham, 1
cholesterol, 1
chrysene, 1
chrysoidine, 1
basic, 1
direct, 1
g, 1
pigment, 1
cimetidine, 1
cinnamyl, 1
cis-910-epoxystearic, 1
citrinin, 1
citrus, 1
no2, 1
clofibrate, 1
citrate, 1
clomiphene, 1
clonorchis, 1
sinensis, 1
gasification, 1
distillation, 1
pitch, 1
cobaltii, 1
soluble, 1
coconut, 1
condensate, 1
bladder, 1
coffee, 1
urinary, 1
coke, 1
compound, 1
copper, 1
coronene, 1
coumarin, 1
creosotes, 1
crotonaldehyde, 1
crude, 1
cumene, 1
cycasin, 1
cyclamate, 1
cyclochlorotine, 1
cyclohexanone, 1
cyclopentacdpyrene, 1
cyclosporin, 1
d-limonene, 1
dacarbazine, 1
danthron, 1
dapsone, 1
daunorubicin, 1
ddt, 1
decabromodiphenyl, 1
deltamethrin, 1
deoxynivalenol, 1
adipate, 1
di2-ethylhexyl, 1
di2-ethylhexylphthalate, 1
diacetylaminoazotoluene, 1
diallat, 1
diazepam, 1
diazomethane, 1
dibenzacanthracene, 1
dibenzahacridine, 1
dibenzahanthracene, 1
dibenzajacridine, 1
dibenzajanthracene, 1
dibenzchacridine, 1
dibenzo-p-dioxin, 1
dibenzoaefluoranthene, 1
dibenzoaepyrene, 1
dibenzoahpyrene, 1
dibenzoaipyrene, 1
dibenzoalpyrene, 1
dibenzoelpyrene, 1
dibenzohrstpentaphene, 1
dibenzothiophene, 1
dibromoacetic, 1
dibromoacetonitrile, 1
dichloroacetate, 1
dichloroacetonitrile, 1
dichloroacetylene, 1
dichloromethane, 1
dichlorvos, 1
dicofol, 1
didanosine, 1
dieldrin, 1
marine, 1
fuels, 1
diethyl, 1
diethylstilbestrol, 1
dihydroaceanthrylene, 1
dihydrosafrole, 1
dihydroxymethylfuratrizine, 1
diisopropyl, 1
dimethoxane, 1
phosphite, 1
dimethylarsinate, 1
dimethylcarbamoyl, 1
dinitrosopentamethylenetetramine, 1
disulfiram, 1
dithranol, 1
doxefazepam, 1
doxylamine, 1
succinate, 1
droloxifene, 1
cleaning, 1
dry, 1
dulcin, 1
endrin, 1
eosin, 1
epichlorohydrin, 1
epstein-barr, 1
estazolam, 1
estrogen, 1
postmenopausal, 1
menopausal, 1
oral, 1
ethionamide, 1
tellurac, 1
ethylbenzene, 1
dibromide, 1
ethylenethiourea, 1
eugenol, 1
evans, 1
fast, 1
fenaminosulf, 1
fenvalerate, 1
ferbam, 1
ferric, 1
firefighter, 1
fission, 1
strontium-90, 1
flat-glass, 1
specialty, 1
fluometuron, 1
fluoranthene, 1
fluorene, 1
fluorescent, 1
lighting, 1
fluorides, 1
used, 1
formaldehyde, 1
heavy, 1
residual, 1
furan, 1
furazolidone, 1
furfural, 1
furosemide, 1
crookwellense, 1
culmorum, 1
graminearum, 1
zearalenonedeoxynivalenol, 1
moniliforme, 1
sporotrichioides, 1
gamma-butyrolactone, 1
gemfibrozil, 1
continuous, 1
filament, 1
glu-p-1, 1
glu-p-2, 1
glycidaldehyde, 1
glycidol, 1
oleate, 1
stearate, 1
griseofulvin, 1
guinea, 1
gyromitrin, 1
haematite, 1
mining, 1
underground, 1
colouring, 1
hair, 1
personal, 1
barber, 1
hairdresser, 1
no1, 1
gnhpy, 1
helicobacter, 1
hpa, 1
hpj, 1
pylori, 1
hematite, 1
heptachlor, 1
hexachlorobenzene, 1
hexachlorobutadiene, 1
hexachlorocyclohexanes, 1
hexachloroethane, 1
hexachlorophene, 1
hexamethylphosphoramide, 1
hg, 1
beta, 1
except, 1
gamma, 1
epidermodysplasia, 1
patients, 1
verruciformis, 1
hycanthone, 1
mesylate, 1
hydralazine, 1
hydrazine, 1
hydrochloric, 1
hydrochlorothiazide, 1
hydroquinone, 1
hydroxysenkirkine, 1
hydroxyurea, 1
hypochlorite, 1
indeno123-cdpyrene, 1
indium, 1
phosphide, 1
insulation, 1
all, 1
ionizing, 1
iq, 1
founding, 1
steel, 1
dextran, 1
sorbitex, 1
sorbitol-citric, 1
iron-dextrin, 1
isatidine, 1
isoniazid, 1
isophosphamide, 1
isoprene, 1
acids, 1
using, 1
isosafrole, 1
jacobine, 1
jc, 1
jcv, 1
jet, 1
kaempferol, 1
herpesvirus, 1
kaposi, 1
sarcoma, 1
kojic, 1
lasiocarpine, 1
lauroyl, 1
goods, 1
processing, 1
levofuraltadone, 1
sf, 1
lomustine, 1
industries, 1
logging, 1
lumber, 1
sawmill, 1
luteoskyrin, 1
madder, 1
root, 1
rubia, 1
tinctorum, 1
malaria, 1
malathion, 1
hydrazide, 1
maleic, 1
malonaldehyde, 1
maneb, 1
dihydrochloride, 1
mannomustine, 1
hot, 1
mea-alpha-c, 1
medphalan, 1
medroxyprogesterone, 1
meiq, 1
meiqx, 1
melamine, 1
melphalan, 1
cell, 1
mcv, 1
merkel, 1
merphalan, 1
meta-cresidine, 1
meta-phenylenediamine, 1
metabisulfites, 1
methimazole, 1
methotrexate, 1
8-methoxypsoralen, 1
methoxychlor, 1
iodide, 1
isobutyl, 1
tert-butyl, 1
methylarsonate, 1
methylazoxymethanol, 1
methyleugenol, 1
methylglyoxal, 1
methylmercury, 1
methylthiouracil, 1
metronidazole, 1
michlers, 1
microcystin-lr, 1
extracts, 1
microcystis, 1
highly-refined, 1
mildly, 1
treated, 1
untreated, 1
mirex, 1
mitomycin, 1
mitoxantrone, 1
modacrylic, 1
monocrotaline, 1
monuron, 1
agents, 1
alkylating, 1
chemotherapy, 1
mopp, 1
morpholine, 1
ambrette, 1
xylene, 1
n-4-5-nitro-2-furyl-2-thiazolylacetamide, 1
n-methyl-n-nitrosourea, 1
n-methyl-n-nitrosourethane, 1
n-methyl-n4-dinitrosoaniline, 1
n-methyl-n-nitro-n-nitrosoguanidine, 1
n-methylolacrylamide, 1
n-nitroso-n-ethylurea, 1
n-nitrosodi-n-butylamine, 1
n-nitrosodi-n-propylamine, 1
n-nitrosodiethanolamine, 1
n-nitrosodiethylamine, 1
n-nitrosodimethylamine, 1
n-nitrosodiphenylamine, 1
n-nitrosofolic, 1
n-nitrosoguvacine, 1
n-nitrosoguvacoline, 1
n-nitrosohydroxyproline, 1
n-nitrosomethylethylamine, 1
n-nitrosomethylvinylamine, 1
n-nitrosomorpholine, 1
n-nitrosopiperidine, 1
n-nitrosoproline, 1
n-nitrosopyrrolidine, 1
n-nitrososarcosine, 1
n-phenyl-2-naphthylamine, 1
n-propyl, 1
n-vinyl-2-pyrrolidone, 1
nn-dimethylaniline, 1
nn-dimethylformamide, 1
nn-diacetylbenzidine, 1
nn-diethylthiourea, 1
n-nitrosoanabasine, 1
n-nitrosoanatabine, 1
n-nitrosonornicotine, 1
nafenopin, 1
naphthalene, 1
naphtho12-bfluoranthene, 1
naphtho21-afluoranthene, 1
naphtho23-epyrene, 1
neutron, 1
alloys, 1
nifuradene, 1
nifurthiazole, 1
niridazole, 1
nithiazide, 1
conditions, 1
endogenous, 1
ingested, 1
nitrate, 1
nitrite, 1
nitrosation, 1
result, 1
under, 1
nitrilotriacetic, 1
nitrobenzene, 1
nitrofen, 1
nitrofurantoin, 1
nitrofurazone, 1
n-oxide, 1
nitromethane, 1
nitrotoluenes, 1
nitrovin, 1
nodularin, 1
application, 1
insecticides, 1
non-arsenical, 1
spraying, 1
nylon, 1
o-toluidine, 1
ochratoxin, 1
oestradiol, 1
ss, 1
felineus, 1
viverrini, 1
ortho-aminoazotoluene, 1
ortho-anisidine, 1
oxazepam, 1
oxyphenbutazone, 1
paint, 1
painter, 1
panfuran, 1
s, 1
para-dimethylaminoazobenzene, 1
para-aminoazobenzene, 1
para-anisidine, 1
fibrils, 1
para-aramid, 1
dioxime, 1
para-benzoquinone, 1
para-cresidine, 1
para-nitrosodiphenylamine, 1
para-phenylenediamine, 1
para-quinone, 1
paracetamol, 1
parasorbic, 1
patent, 1
patulin, 1
penicillic, 1
pentachloroethane, 1
permethrin, 1
perylene, 1
petasitenine, 1
refining, 1
solvents, 1
analgesic, 1
mixtures, 1
phenanthrene, 1
phenazopyridine, 1
phenelzine, 1
phenicarbazide, 1
phenobarbital, 1
phenol, 1
phenolphthalein, 1
phenoxybenzamine, 1
phenyl, 1
phenylbutazone, 1
phenytoin, 1
phip, 1
phosphorus-32, 1
picene, 1
asia, 1
pickled, 1
traditional, 1
vegetables, 1
picloram, 1
butoxide, 1
piperonyl, 1
plutonium, 1
poligeenan, 1
polyacrylic, 1
polybrominated, 1
2378-, 1
dibenzo-para-dioxins, 1
tetrachlorodibenzo-para-dioxin, 1
dibenzofurans, 1
mixed, 1
polychlorophenols, 1
polychloroprene, 1
polyethylene, 1
polymethyl, 1
isocyanate, 1
polymethylene, 1
polyphenyl, 1
polypropylene, 1
polystyrene, 1
polytetrafluoroethylene, 1
foams, 1
polyurethane, 1
pyrrolidone, 1
3r, 1
mx, 1
sx, 1
bis2-hydroxyethyldithiocarbamate, 1
bromate, 1
prazepam, 1
prednimustine, 1
prednisone, 1
inks, 1
processes, 1
procarbazine, 1
proflavine, 1
progestins, 1
progestogen-only, 1
pronetalol, 1
propham, 1
propiolactone, 1
propylene, 1
propylthiouracil, 1
ptaquiloside, 1
paper, 1
pulp, 1
pyrene, 1
pyridine, 1
pyrido34-cpsoralen, 1
pyrimethamine, 1
quercetin, 1
quintozene, 1
electromagnetic, 1
radiofrequency, 1
iodine-131, 1
radioiodines, 1
alpha-particle-emitting, 1
beta-particle-emitting, 1
ceramic, 1
refractory, 1
reserpine, 1
retrorsine, 1
6g, 1
riddelline, 1
rifampicin, 1
ripazepam, 1
rock, 1
stone, 1
manufacturing, 1
rubber, 1
rugulosin, 1
saccharated, 1
saccharin, 1
safrole, 1
chinese-style, 1
fish, 1
salted, 1
scarlet, 1
haematobium, 1
japonicum, 1
gnsmm, 1
mansoni, 1
semicarbazide, 1
semustine, 1
seneciphylline, 1
senkirkine, 1
sepiolite, 1
circadian, 1
disruption, 1
involves, 1
shiftwork, 1
shikimate, 1
cristobalite, 1
form, 1
quartz, 1
the, 1
amorphous, 1
simazine, 1
slag, 1
chlorite, 1
diethyldithiocarbamate, 1
ortho-phenylphenate, 1
solar, 1
chimney, 1
found, 1
soot, 1
sweeps, 1
e-glass, 1
special-purpose, 1
such, 1
spironolactone, 1
sterigmatocystin, 1
streptozocin, 1
styrene-acrylonitrile, 1
styrene-butadiene, 1
anhydride, 1
succinic, 1
brown, 1
rr, 1
7b, 1
sulfallate, 1
sulfamethazine, 1
sulfamethoxazole, 1
sulfisoxazole, 1
sulfites, 1
sunset, 1
bodies, 1
foreign, 1
implants, 1
surgical, 1
sv40, 1
symphytine, 1
asbestiform, 1
body, 1
perineal, 1
powder, 1
talc-based, 1
tamoxifen, 1
tannic, 1
tea, 1
temazepam, 1
teniposide, 1
polychlorinates, 1
terpene, 1
tetrachloroethene, 1
tetrachlorvinphos, 1
tetrafluoroethylene, 1
tetrakishydroxymethylphosphonium, 1
tetranitromethane, 1
textilemanufacturing, 1
theobromine, 1
theophylline, 1
thioacetamide, 1
thiotepa, 1
thiouracil, 1
thiourea, 1
thiram, 1
titanium, 1
smokesecond-hand, 1
smoking, 1
smokeless, 1
diisocyanates, 1
toremifene, 1
toxaphene, 1
trans-14-dichlorobutene, 1
furyl-vinyl-134-oxadiazole, 1
trans-2-dimethylaminomethylimino-5-2-5-nitro-2-, 1
treosulfan, 1
triaziquone, 1
trichlorfon, 1
trichlormethine, 1
trichloroacetate, 1
trichloroacetonitrile, 1
trichloroethene, 1
triethanolamine, 1
glycol, 1
triethylene, 1
triethylenemelamine, 1
trifluralin, 1
triphenylene, 1
tris1-aziridinylphosphine, 1
tris2-chloroethylphosphate, 1
tris2-methyl-1-aziridinylphosphine, 1
phosphate, 1
tris23-dibromopropyl, 1
trp-p-1, 1
trp-p-2, 1
trypan, 1
100-400, 1
encompassing, 1
nm, 1
uva, 1
uvb, 1
uvc, 1
wavelengths, 1
devices, 1
ultraviolet-emitting, 1
uracil, 1
pentoxide, 1
vanadium, 1
vat, 1
vinblastine, 1
vincristine, 1
k, 1
vitamin, 1
fumes, 1
welding, 1
wollastonite, 1
gamma-radiation, 1
x-, 1
xylenes, 1
ab, 1
ob, 1
zalcitabine, 1
zearalenone, 1
zectran, 1
zeolites, 1
zidovudine, 1
zineb, 1
ziram, 1
